time,x,y,yaw,v,omega
1627481370.7463596,0.0,0.0,-2.507403888274323,0.0,0.0008453022455796599
1627481370.787002,0.0,0.0,-2.507345701505171,0.0,0.0017628525383770466
1627481370.823362,0.0,0.0,-2.5074470141312593,0.0,-0.0015352711779996753
1627481370.8702023,0.0,0.0,-2.5073940600590046,0.0,0.0016039068577811122
1627481370.9139318,0.0,0.0,-2.507360717345253,0.0,0.0010114727774634957
1627481370.9438531,0.0,0.0,-2.5073938775769244,0.0,-0.0009747112635523081
1627481370.9856496,0.0,0.0,-2.507374507997527,0.0,0.0005852092290297151
1627481370.9992442,0.0,0.0,-2.507220774082195,0.0,0.0034949996042996645
1627481371.0452323,0.0,0.0,-2.5073297342032523,0.0,-0.00330173596739769
1627481371.0888174,0.0,0.0,-2.5073404550935297,0.0,-0.00033527612686157227
1627481371.1021185,0.0,0.0,-2.5074658562057066,0.0,-0.0033002151176333427
1627481371.1501756,0.0,0.0,-2.507405309067901,0.0,0.0018924474716186523
1627481371.1917713,0.0,0.0,-2.5073518864054694,0.0,0.0014834933681413531
1627481371.2103684,0.0,0.0,-2.5073859394242293,0.0,-0.0009470515651628375
1627481371.2572012,0.0,0.0,-2.5074219284627595,0.0,-0.001125037670135498
1627481371.3002963,0.0,0.0,-2.5073805104724127,0.0,0.0009877340635284781
1627481371.3442943,0.0,0.0,-2.5074360517565624,0.0,-0.001735985279083252
1627481371.388547,0.0,0.0,-2.507443657633899,0.0,-0.00021192763233557343
1627481371.4328449,0.0,0.0,-2.507572464820885,0.0,-0.0033880535047501326
1627481371.4763777,0.0,0.0,-2.50747686429873,0.0,0.002731595654040575
1627481371.4763908,0.0,0.0,-2.507343237962939,0.0,0.0031049861572682858
1627481371.5203872,0.0,0.0,-2.5074539552498294,0.0,-0.0031607490964233875
1627481371.5618281,0.0,0.0,-2.5074236816520195,0.0,0.0005046526785008609
1627481371.6114728,0.0,0.0,-2.5074563145823787,0.0,-0.0009332384215667844
1627481371.6601753,0.0,0.0,-2.5073726179700055,0.0,0.0013497568434104323
1627481371.7101858,0.0,0.0,-2.5074529124530516,0.0,-0.0024347594007849693
1627481371.7568655,0.0,0.0,-2.507497837781556,0.0,-0.0006791317136958241
1627481371.8048315,0.0,0.0,-2.5074849395326777,0.0,0.00039013949572108686
1627481371.857481,0.0,0.0,-2.507468456692255,0.0,0.0005140900611877441
1627481371.9002416,-0.0009174346923828125,-0.0006748437881469727,-2.5074787543831167,0.024760454893112183,-0.0002228695375379175
1627481371.9448004,-0.0031185150146484375,-0.002295851707458496,-2.5060985113945278,0.08283497393131256,0.041824400424957275
1627481371.9885664,-0.006313323974609375,-0.004658699035644531,-2.5035462428165327,0.12418055534362793,0.07975846529006958
1627481371.9886284,-0.012291908264160156,-0.00908958911895752,-2.5040157285911016,0.15502795577049255,-0.009780128486454487
1627481372.032712,-0.016954421997070312,-0.012533307075500488,-2.506758754224135,0.17564082145690918,-0.0831213891506195
1627481372.074361,-0.025018692016601562,-0.018485665321350098,-2.5047059703835597,0.1891138106584549,0.03873177245259285
1627481372.1606777,-0.03010272979736328,-0.02225315570831299,-2.5029671270706695,0.19773973524570465,0.05433708429336548
1627481372.2042077,-0.040538787841796875,-0.030020713806152344,-2.500551476820682,0.19711655378341675,0.03660086542367935
1627481372.24818,-0.045958518981933594,-0.0340576171875,-2.502234686567107,0.21118603646755219,-0.05260109901428223
1627481372.2924871,-0.05622577667236328,-0.041755080223083496,-2.4943504668745247,0.20050808787345886,0.12319162487983704
1627481372.3364427,-0.06158924102783203,-0.04582500457763672,-2.490533329457211,0.21039508283138275,0.11928379535675049
1627481372.380208,-0.07146739959716797,-0.05332446098327637,-2.4939121898528125,0.20003606379032135,-0.05449787154793739
1627481372.4244804,-0.07674312591552734,-0.05730009078979492,-2.497746013780358,0.2064402848482132,-0.11980533599853516
1627481372.468475,-0.08644676208496094,-0.06460976600646973,-2.4942745696679203,0.19916605949401855,0.0569077804684639
1627481372.5121784,-0.09175300598144531,-0.06862950325012207,-2.4922511604329074,0.20802220702171326,0.06323307752609253
1627481372.5586843,-0.1010284423828125,-0.07566678524017334,-2.492835086896923,0.2042616754770279,-0.010243633762001991
1627481372.6003835,-0.106292724609375,-0.07965743541717529,-2.493133600209523,0.2064402848482132,-0.009328126907348633
1627481372.6482587,-0.11542224884033203,-0.0865938663482666,-2.4906051551792974,0.20115335285663605,0.044358402490615845
1627481372.6922715,-0.12073612213134766,-0.09064483642578125,-2.48990539923299,0.2088131606578827,0.021867454051971436
1627481372.7363577,-0.1279745101928711,-0.09617972373962402,-2.487612454464002,0.19808363914489746,0.04984503239393234
1627481372.780249,-0.1331157684326172,-0.10012316703796387,-2.486960916883816,0.20248548686504364,0.020362436771392822
1627481372.8243015,-0.13853836059570312,-0.10428166389465332,-2.4878792811498682,0.207087442278862,-0.02782995067536831
1627481372.8243165,-0.14404296875,-0.10850024223327637,-2.487513756545235,0.20397435128688812,0.010749872773885727
1627481372.8689582,-0.14942264556884766,-0.11263144016265869,-2.485982852523586,0.20555345714092255,0.04639047384262085
1627481372.8828194,-0.15605735778808594,-0.11774706840515137,-2.483514565186849,0.1994723081588745,0.058770179748535156
1627481372.9318912,-0.16141891479492188,-0.1219024658203125,-2.48101238109858,0.2119770050048828,0.07819384336471558
1627481372.97632,-0.1696643829345703,-0.1283276081085205,-2.478290991646819,0.20102526247501373,0.05233287811279297
1627481373.0222664,-0.1748485565185547,-0.13238143920898438,-2.4775371383164924,0.20564933121204376,0.023558735847473145
1627481373.064484,-0.1815652847290039,-0.13763904571533203,-2.477343042450074,0.20308813452720642,0.004620779305696487
1627481373.1083262,-0.1866283416748047,-0.14160048961639404,-2.478050268920594,0.20090357959270477,-0.022098422050476074
1627481373.152188,-0.19413280487060547,-0.14749455451965332,-2.4735324091331936,0.2030240148305893,0.09612327069044113
1627481373.1962523,-0.19939422607421875,-0.15165460109710693,-2.4716151413138743,0.20960412919521332,0.059917569160461426
1627481373.2401726,-0.20916175842285156,-0.15941989421844482,-2.4681920590030995,0.2012607753276825,0.05520928278565407
1627481373.2843056,-0.21438312530517578,-0.1635899543762207,-2.467113524494202,0.2088131606578827,0.0337064266204834
1627481373.3283627,-0.2240581512451172,-0.17139029502868652,-2.4589827376488977,0.2037302851676941,0.13329161703586578
1627481373.3725038,-0.22913837432861328,-0.17553377151489258,-2.455778844118113,0.20485836267471313,0.1001209020614624
1627481373.4162724,-0.23893165588378906,-0.183549165725708,-2.4556326201956518,0.20087847113609314,0.0023198507260531187
1627481373.4602432,-0.2440013885498047,-0.1877049207687378,-2.4542860994952167,0.20485836267471313,0.04208087921142578
1627481373.5042236,-0.2533855438232422,-0.19542145729064941,-2.4524989452151402,0.20591744780540466,0.030291281640529633
1627481373.5483434,-0.2549457550048828,-0.19671165943145752,-2.4490237124650256,0.20248548686504364,0.3475189208984375
1627481373.5924444,-0.2600994110107422,-0.2010042667388916,-2.4451937886537607,0.20960412919521332,0.11968612670898438
1627481373.5924625,-0.26631927490234375,-0.206231951713562,-2.440066084154134,0.20311826467514038,0.12819170951843262
1627481373.6363606,-0.27147483825683594,-0.21060121059417725,-2.4370379650398966,0.20478646457195282,0.0917622521519661
1627481373.6518524,-0.278533935546875,-0.21660029888153076,-2.4372971251198514,0.2013850212097168,-0.0056339348666369915
1627481373.7009237,-0.2835884094238281,-0.2208935022354126,-2.4375214696663168,0.20095151662826538,-0.006798542104661465
1627481373.7442749,-0.29018211364746094,-0.22650158405303955,-2.4360967021822804,0.2013082504272461,0.033134639263153076
1627481373.7885625,-0.2953653335571289,-0.23091661930084229,-2.4359732120878927,0.20632044970989227,0.0037424492184072733
1627481373.83225,-0.3004627227783203,-0.2352762222290039,-2.432101240014648,0.20960412919521332,0.12099742889404297
1627481373.876311,-0.3059511184692383,-0.2399958372116089,-2.430696061045731,0.20682446658611298,0.040149688720703125
1627481373.9203095,-0.31131458282470703,-0.24462783336639404,-2.4278428203031326,0.20248548686504364,0.08151871711015701
1627481373.9203188,-0.31752967834472656,-0.25001633167266846,-2.4268214560212855,0.20063349604606628,0.02491183392703533
1627481373.9645987,-0.3224220275878906,-0.2542649507522583,-2.426158219296243,0.20248548686504364,0.02072751522064209
1627481373.9768326,-0.3294811248779297,-0.26038026809692383,-2.4292748247269933,0.19871582090854645,-0.06631080061197281
1627481374.022645,-0.33454227447509766,-0.26474273204803467,-2.4311795544956833,0.20248548686504364,-0.057718969881534576
1627481374.0643768,-0.3395814895629883,-0.2690925598144531,-2.4277587345523357,0.2017184942960739,0.10366150736808777
1627481374.1081526,-0.34512901306152344,-0.2738993167877197,-2.427417581614781,0.20971710979938507,0.009747914038598537
1627481374.152246,-0.35015296936035156,-0.27826666831970215,-2.4245233794805094,0.20802220702171326,0.09044259786605835
1627481374.1982315,-0.3569059371948242,-0.28415584564208984,-2.4242501013298328,0.20363597571849823,0.006209720391780138
1627481374.2404547,-0.36197948455810547,-0.28858137130737305,-2.4244017910776647,0.2040194720029831,-0.004594976082444191
1627481374.2844374,-0.3669576644897461,-0.29292428493499756,-2.42401477380146,0.2064402848482132,0.012092292308807373
1627481374.2844713,-0.3721017837524414,-0.29742348194122314,-2.4218820971187793,0.20099662244319916,0.06272512674331665
1627481374.328677,-0.3770256042480469,-0.30175113677978516,-2.4192271633060645,0.1986505389213562,0.08045542985200882
1627481374.3600032,-0.38330078125,-0.30730128288269043,-2.4156994798457387,0.1948334276676178,0.08203817158937454
1627481374.4313707,-0.38788700103759766,-0.3113996982574463,-2.408872623579309,0.18637868762016296,0.20687508583068848
1627481374.4766276,-0.39920806884765625,-0.32171058654785156,-2.3968631971453425,0.1844935566186905,0.1446913480758667
1627481374.5201359,-0.4035787582397461,-0.32578182220458984,-2.386502062589212,0.18100975453853607,0.31397560238838196
1627481374.5642884,-0.40969371795654297,-0.33161938190460205,-2.3722586814099937,0.1798674315214157,0.30305030941963196
1627481374.6084538,-0.4136524200439453,-0.3354991674423218,-2.3602871506982375,0.1679709255695343,0.3627719283103943
1627481374.6084735,-0.41877079010009766,-0.34065330028533936,-2.3452220409875837,0.16893412172794342,0.35035333037376404
1627481374.6581159,-0.42255496978759766,-0.34456372261047363,-2.334446680444252,0.1649029552936554,0.32652509212493896
1627481374.6844814,-0.4276714324951172,-0.35003650188446045,-2.310679465833085,0.16648806631565094,0.5281607508659363
1627481374.736713,-0.43137454986572266,-0.3541611433029175,-2.2941081398489316,0.1679709255695343,0.5021600723266602
1627481374.7818317,-0.4354095458984375,-0.3588031530380249,-2.2785827920769104,0.17572848498821259,0.44358116388320923
1627481374.8243628,-0.4396486282348633,-0.36380326747894287,-2.2695136353783143,0.18729907274246216,0.2591201364994049
1627481374.8687205,-0.44360923767089844,-0.3685421943664551,-2.264343031611775,0.19299398362636566,0.16158074140548706
1627481374.8687587,-0.4489459991455078,-0.37499988079071045,-2.258611015263907,0.1948334276676178,0.133303701877594
1627481374.9149117,-0.4530820846557617,-0.3800530433654785,-2.2548933240679454,0.19788354635238647,0.11265639215707779
1627481374.9553077,-0.46026611328125,-0.38889169692993164,-2.2516565770191272,0.19982120394706726,0.056785449385643005
1627481375.005005,-0.46454429626464844,-0.3941885232925415,-2.24869445076747,0.21276795864105225,0.09256601333618164
1627481375.0482676,-0.47034168243408203,-0.4013814926147461,-2.2496598432409343,0.2052977979183197,-0.021452374756336212
1627481375.0923162,-0.4748077392578125,-0.40691637992858887,-2.2498862682429914,0.19756397604942322,-0.006291601341217756
1627481375.1364176,-0.4824857711791992,-0.4164944887161255,-2.243179034837854,0.20806242525577545,0.11368121206760406
1627481375.1813598,-0.4868440628051758,-0.42198610305786133,-2.2401390630566596,0.19475166499614716,0.08444653451442719
1627481375.224243,-0.4927520751953125,-0.4294790029525757,-2.236852130726825,0.2030240148305893,0.0699327364563942
1627481375.2687378,-0.49689388275146484,-0.43475449085235596,-2.2359991055749284,0.20325247943401337,0.02585035376250744
1627481375.3122988,-0.5013151168823242,-0.44038987159729004,-2.2361353056567204,0.2046549767255783,-0.003889628918841481
1627481375.3562717,-0.5065507888793945,-0.4470919370651245,-2.231724468236856,0.20742416381835938,0.10757911205291748
1627481375.4006882,-0.5106439590454102,-0.4523738622665405,-2.228343055512337,0.20248548686504364,0.10246941447257996
1627481375.4006999,-0.516657829284668,-0.46020185947418213,-2.223357222778961,0.20564933121204376,0.10387102514505386
1627481375.4501276,-0.5209102630615234,-0.4657759666442871,-2.2216389766908575,0.20031601190567017,0.04909379035234451
1627481375.505276,-0.5289373397827148,-0.47636568546295166,-2.217140628734675,0.20133501291275024,0.0681551992893219
1627481375.5573807,-0.5329866409301758,-0.4817444086074829,-2.2151131487432436,0.2040194720029831,0.061439745128154755
1627481375.600296,-0.5391712188720703,-0.4900146722793579,-2.2106134320620443,0.19859154522418976,0.08653219044208527
1627481375.644251,-0.5429620742797852,-0.4951441287994385,-2.203893829900357,0.1932816058397293,0.2036239206790924
1627481375.6883187,-0.5467290878295898,-0.5002908706665039,-2.2014524467853214,0.1932816058397293,0.07398200780153275
1627481375.7338207,-0.5513410568237305,-0.5066701173782349,-2.1920123560630365,0.18306101858615875,0.21953915059566498
1627481375.77621,-0.5547780990600586,-0.5115245580673218,-2.1817329460733017,0.18024276196956635,0.3114974796772003
1627481375.820461,-0.5607938766479492,-0.5203197002410889,-2.1596930507771486,0.1718677282333374,0.3554821014404297
1627481375.8641992,-0.5638284683227539,-0.524928092956543,-2.1465352270376634,0.17242905497550964,0.4111826419830322
1627481375.908501,-0.5668201446533203,-0.5296245813369751,-2.12935806665428,0.16873790323734283,0.5205183029174805
1627481375.9085171,-0.570866584777832,-0.5362582206726074,-2.1077175598181093,0.1618829369544983,0.45084455609321594
1627481375.9546683,-0.5735502243041992,-0.5408464670181274,-2.092220338391275,0.1661013811826706,0.48428773880004883
1627481375.9788268,-0.5775375366210938,-0.5479836463928223,-2.068293045158433,0.16684390604496002,0.48831045627593994
1627481376.0298562,-0.5803327560424805,-0.5532054901123047,-2.0561608679118835,0.18508438766002655,0.3791302442550659
1627481376.0755916,-0.5830411911010742,-0.5584155321121216,-2.0442867921195367,0.10301893204450607,0.2083192765712738
1627481376.1201158,-0.5859718322753906,-0.5641944408416748,-2.036009852570192,0.5890486836433411,0.7524490356445312
1627481376.1642861,-0.5887031555175781,-0.5696767568588257,-2.030135194531113,0.18561169505119324,0.1780192106962204
1627481376.2083466,-0.5926227569580078,-0.5776493549346924,-2.0253553476637243,0.18902236223220825,0.10169820487499237
1627481376.2524345,-0.5953578948974609,-0.5832711458206177,-2.0218172637353953,0.19536685943603516,0.11056661605834961
1627481376.2965713,-0.6004219055175781,-0.5939234495162964,-2.007304706717824,0.19023838639259338,0.234073206782341
1627481376.3402102,-0.6031312942504883,-0.5997815132141113,-2.0006723474022254,0.2016945332288742,0.20726025104522705
1627481376.3843627,-0.6060857772827148,-0.6062510013580322,-1.997763495043868,0.19756397604942322,0.08080071955919266
1627481376.3843768,-0.6091251373291016,-0.6129322052001953,-1.9977271681006321,0.20389163494110107,0.0010099676437675953
1627481376.4281802,-0.6118612289428711,-0.6189451217651367,-1.9978866414873793,0.2064402848482132,-0.004984438419342041
1627481376.4369707,-0.6157188415527344,-0.6273953914642334,-2.0001280623039426,0.19763876497745514,-0.047688789665699005
1627481376.486527,-0.6185159683227539,-0.6334918737411499,-2.0016534972508615,0.20960412919521332,-0.04766881465911865
1627481376.5282748,-0.6221179962158203,-0.6413630247116089,-1.9983082842257989,0.2013082504272461,0.07779376208782196
1627481376.5722535,-0.6248769760131836,-0.6474490165710449,-1.9944009011504966,0.2088131606578827,0.12210756540298462
1627481376.616231,-0.6276836395263672,-0.6536521911621094,-1.996940051888601,0.20632044970989227,-0.07694779336452484
1627481376.660267,-0.6304941177368164,-0.6598259806632996,-1.9989375761527453,0.19950775802135468,-0.05874914303421974
1627481376.7043493,-0.6334295272827148,-0.6662486791610718,-2.0000391697787587,0.20769651234149933,-0.03239687904715538
1627481376.704368,-0.6374874114990234,-0.6751081347465515,-2.000607456910771,0.19886967539787292,-0.011599794030189514
1627481376.748302,-0.6402425765991211,-0.6811121702194214,-2.0014900476091517,0.2064402848482132,-0.02758204936981201
1627481376.7873769,-0.6431798934936523,-0.6875060200691223,-2.001463943920627,0.2010391652584076,0.0007493155426345766
1627481376.8323562,-0.6461009979248047,-0.6938515305519104,-2.003078521063132,0.2054632157087326,-0.047487370669841766
1627481376.87647,-0.648895263671875,-0.6998935341835022,-2.0047640850015047,0.2017184942960739,-0.05107937380671501
1627481376.8764822,-0.6525650024414062,-0.7078172564506531,-2.0042415013804704,0.203074112534523,0.012153803370893002
1627481376.9248407,-0.6554641723632812,-0.7140895128250122,-2.003267704982116,0.20938840508460999,0.029506105929613113
1627481376.9498377,-0.6592264175415039,-0.722277045249939,-1.9998090717119672,0.20023564994335175,0.07686085253953934
1627481376.999957,-0.6620006561279297,-0.728356122970581,-1.997915713405011,0.2088131606578827,0.05916506052017212
1627481377.0474026,-0.6673059463500977,-0.740068256855011,-1.9943655418135482,0.20090357959270477,0.05547143518924713
1627481377.096549,-0.6700067520141602,-0.7460694313049316,-1.992897859713067,0.20564933121204376,0.045865774154663086
1627481377.1458218,-0.6752614974975586,-0.7578322291374207,-1.988944452155872,0.2012990564107895,0.06177090108394623
1627481377.1961188,-0.6779470443725586,-0.7638953328132629,-1.9866973892048354,0.20723123848438263,0.07022172212600708
1627481377.2402585,-0.6819086074829102,-0.7728815674781799,-1.98524443951079,0.2045947164297104,0.030271708965301514
1627481377.2842073,-0.6845483779907227,-0.7788820862770081,-1.9852252378998319,0.20485836267471313,0.0005997717380523682
1627481377.3281667,-0.6874418258666992,-0.7854896783828735,-1.981972832672324,0.20610129833221436,0.09292534738779068
1627481377.3725674,-0.6902313232421875,-0.7918941974639893,-1.9812486890021994,0.19959284365177155,0.020687920972704887
1627481377.416348,-0.6929082870483398,-0.7980717420578003,-1.978165570461556,0.2040194720029831,0.09342756867408752
1627481377.4163606,-0.696354866027832,-0.8060400485992432,-1.979805649658283,0.20189687609672546,-0.038138654083013535
1627481377.4602766,-0.6989498138427734,-0.8120324015617371,-1.979162160866584,0.2040674090385437,0.020109117031097412
1627481377.4940221,-0.7018280029296875,-0.818702220916748,-1.9771111435911524,0.12744152545928955,0.03598029166460037
1627481377.5366333,-0.7046089172363281,-0.8251933455467224,-1.9739736355614388,0.5432062745094299,0.24135296046733856
1627481377.5804303,-0.7072687149047852,-0.8314884901046753,-1.9670759690965711,0.207087442278862,0.20902085304260254
1627481377.6255534,-0.7106828689575195,-0.8397449254989624,-1.9588108911280748,0.20306073129177094,0.18784132599830627
1627481377.6684396,-0.7132415771484375,-0.8460270166397095,-1.9564205775742811,0.20555345714092255,0.07243228703737259
1627481377.6684487,-0.7170915603637695,-0.8555275201797485,-1.9551556631788638,0.20099662244319916,0.024802545085549355
1627481377.7166724,-0.7195377349853516,-0.8615548014640808,-1.9575823790295879,0.20327645540237427,-0.07583200931549072
1627481377.740383,-0.7230310440063477,-0.8701621294021606,-1.955005710087107,0.20193526148796082,0.05601540952920914
1627481377.7898388,-0.7255449295043945,-0.876380443572998,-1.9550245290093833,0.20960412919521332,-0.0005923211574554443
1627481377.8325167,-0.7283210754394531,-0.8832845091819763,-1.9512223610656545,0.2011173516511917,0.10276485234498978
1627481377.876349,-0.7307958602905273,-0.8894914984703064,-1.9490316036544628,0.2088131606578827,0.0684596598148346
1627481377.9202213,-0.7334079742431641,-0.896079421043396,-1.9476263749330627,0.20248548686504364,0.040149688720703125
1627481377.9646163,-0.7358980178833008,-0.9023618698120117,-1.9487191473022671,0.19876332581043243,-0.032140929251909256
1627481378.0084026,-0.7383842468261719,-0.9086185693740845,-1.94938677430863,0.2040194720029831,-0.020233066752552986
1627481378.008413,-0.7416810989379883,-0.9168683290481567,-1.9525250901392743,0.20191024243831635,-0.07132237404584885
1627481378.0526948,-0.7441854476928711,-0.923090398311615,-1.9544911294876268,0.20325247943401337,-0.059579357504844666
1627481378.0777278,-0.748199462890625,-0.9330705404281616,-1.9518612238051887,0.20296305418014526,0.0496225543320179
1627481378.1264226,-0.7506752014160156,-0.9392769932746887,-1.9488303655138481,0.20248548686504364,0.09184172749519348
1627481378.1686497,-0.7538375854492188,-0.9472531676292419,-1.9477767274805562,0.2042934000492096,0.025087878108024597
1627481378.2123277,-0.7562713623046875,-0.9534217715263367,-1.945429140678923,0.20095151662826538,0.07113543152809143
1627481378.256299,-0.7601776123046875,-0.9633358120918274,-1.9468169941087758,0.2049192190170288,-0.02668912522494793
1627481378.3004422,-0.7626609802246094,-0.9696207642555237,-1.9474932387859907,0.20478646457195282,-0.02049316093325615
1627481378.3443491,-0.7650852203369141,-0.975766122341156,-1.9454822319534795,0.20018452405929565,0.06094123423099518
1627481378.3443608,-0.7676925659179688,-0.9823834300041199,-1.9466768968432606,0.20320865511894226,-0.03413132205605507
1627481378.389793,-0.7701349258422852,-0.9886029958724976,-1.943347830830091,0.20248548686504364,0.1008799597620964
1627481378.408133,-0.7734375,-0.9970681667327881,-1.9421647533655677,0.2065121978521347,0.026887113228440285
1627481378.4552786,-0.7758579254150391,-1.0032963752746582,-1.9407786122905666,0.2088131606578827,0.04331767559051514
1627481378.5043526,-0.7784757614135742,-1.010072410106659,-1.9381870713284879,0.20178242027759552,0.07198585569858551
1627481378.5482836,-0.7810611724853516,-1.0168339014053345,-1.9337847709839011,0.20682446658611298,0.1257828325033188
1627481378.5926118,-0.783447265625,-1.023129642009735,-1.9322594927891779,0.2040194720029831,0.04621708020567894
1627481378.5926301,-0.7863149642944336,-1.0307316184043884,-1.930673774864353,0.20832641422748566,0.04066259413957596
1627481378.6366656,-0.7886133193969727,-1.0368438959121704,-1.9302687982044018,0.2040674090385437,0.012654811143875122
1627481378.7073202,-0.7911815643310547,-1.043666124343872,-1.9313218049081093,0.20248548686504364,-0.029249323531985283
1627481378.7523415,-0.7934551239013672,-1.049706518650055,-1.930369692319345,0.1955825835466385,0.02885225974023342
1627481378.7964742,-0.7959051132202148,-1.0562214255332947,-1.9306843085605592,0.21092239022254944,-0.0095367431640625
1627481378.840337,-0.8010635375976562,-1.0700466632843018,-1.9250955139598547,0.20494624972343445,0.07762345671653748
1627481378.8844898,-0.8033437728881836,-1.076219916343689,-1.9240417689435636,0.19941753149032593,0.03193002939224243
1627481378.8844984,-0.8070716857910156,-1.086391270160675,-1.9201469716316735,0.19696316123008728,0.07081465423107147
1627481378.9289443,-0.8092498779296875,-1.0924131274223328,-1.9154978200199757,0.19404859840869904,0.1408836990594864
1627481378.9608278,-0.811223030090332,-1.0979705452919006,-1.9085195937823438,0.17870879173278809,0.211459219455719
1627481379.006226,-0.813176155090332,-1.103615403175354,-1.8993814906561435,0.1866663098335266,0.2855658531188965
1627481379.0483463,-0.8150863647460938,-1.1093283891677856,-1.887637458544602,0.17211267352104187,0.3355434834957123
1627481379.092373,-0.8168067932128906,-1.1147040128707886,-1.8735206436221645,0.1763838529586792,0.44114887714385986
1627481379.1362572,-0.8195896148681641,-1.1240164637565613,-1.8487886284808184,0.1705140918493271,0.4338967204093933
1627481379.1802921,-0.8211297988891602,-1.1295518279075623,-1.8354377028477669,0.15959793329238892,0.37086009979248047
1627481379.2243264,-0.8229780197143555,-1.1366554498672485,-1.8151967271701344,0.1631133109331131,0.4497978389263153
1627481379.2691975,-0.8242111206054688,-1.1417996287345886,-1.79700580650971,0.16531042754650116,0.5684680938720703
1627481379.3123176,-0.8254127502441406,-1.1472108960151672,-1.7815423401425807,0.15397334098815918,0.4295375645160675
1627481379.312329,-0.8264951705932617,-1.1524665355682373,-1.7661689511928174,0.16768330335617065,0.48042088747024536
1627481379.3563385,-0.8274831771850586,-1.1577149629592896,-1.7474039380217177,0.16183499991893768,0.5686355233192444
1627481379.3597987,-0.8286190032958984,-1.1645564138889313,-1.7232728772177526,0.16128204762935638,0.5611901879310608
1627481379.4091392,-0.8294038772583008,-1.1699412763118744,-1.7078861692515315,0.1649029552936554,0.46626004576683044
1627481379.4712994,-0.8301372528076172,-1.1756908893585205,-1.687293825248095,0.16100409626960754,0.5720092058181763
1627481379.516496,-0.8307466506958008,-1.1812512874603271,-1.6724959821577554,0.16451945900917053,0.43523311614990234
1627481379.5648642,-0.8312406539916992,-1.1864927113056183,-1.6569692682176467,0.1595340222120285,0.47050461173057556
1627481379.608295,-0.8321390151977539,-1.2005874514579773,-1.6119595713191381,0.16049276292324066,0.5114742517471313
1627481379.6522427,-0.832310676574707,-1.2059252262115479,-1.5940019461308907,0.16689233481884003,0.5611777305603027
1627481379.696308,-0.832392692565918,-1.2133408188819885,-1.5696628635041086,0.16121806204319,0.5291104316711426
1627481379.74027,-0.8323497772216797,-1.219162106513977,-1.5571468920575415,0.1663273721933365,0.3575972020626068
1627481379.7846403,-0.8320474624633789,-1.2304213047027588,-1.53077388097529,0.18464353680610657,0.4323447346687317
1627481379.8296874,-0.8317594528198242,-1.2367930710315704,-1.5203355508769227,0.1932816058397293,0.3163128197193146
1627481379.8723686,-0.8314304351806641,-1.243137538433075,-1.5177426465836945,0.19251461327075958,0.07857336848974228
1627481379.8723788,-0.8310565948486328,-1.2501132786273956,-1.51678884291662,0.19959284365177155,0.027251243591308594
1627481379.9167588,-0.8306732177734375,-1.2572152614593506,-1.5170540653839157,0.20320865511894226,-0.007578304968774319
1627481379.936598,-0.8301830291748047,-1.266111135482788,-1.5144294298301848,0.2071944624185562,0.061037927865982056
1627481379.9854343,-0.8297939300537109,-1.272857904434204,-1.512009073870477,0.20478646457195282,0.07334622740745544
1627481380.028116,-0.82904052734375,-1.2852625846862793,-1.5082301234770379,0.20712578296661377,0.0629822388291359
1627481380.0737095,-0.8286228179931641,-1.2918808162212372,-1.5073716479791313,0.20095151662826538,0.026012912392616272
1627481380.1163058,-0.8281917572021484,-1.2986250221729279,-1.5066836424994654,0.20478646457195282,0.020847175270318985
1627481380.160327,-0.8277473449707031,-1.3053683638572693,-1.5033375225942391,0.19876332581043243,0.09841778874397278
1627481380.204327,-0.8273029327392578,-1.3119848668575287,-1.5041604200718515,0.20095151662826538,-0.024936415255069733
1627481380.2043374,-0.826716423034668,-1.3206719756126404,-1.5026013934714877,0.20730657875537872,0.03711950033903122
1627481380.252372,-0.8262529373168945,-1.327337920665741,-1.5002669336644816,0.20248548686504364,0.0707416832447052
1627481380.3221126,-0.8257894515991211,-1.334029197692871,-1.5028836124067235,0.20325247943401337,-0.07929585129022598
1627481380.3642232,-0.8249473571777344,-1.34622523188591,-1.500862412556114,0.20375102758407593,0.03368854522705078
1627481380.4083402,-0.8244705200195312,-1.3529155850410461,-1.498406267938477,0.20960412919521332,0.07675215601921082
1627481380.4523294,-0.8236093521118164,-1.3650595247745514,-1.501601851999325,0.20290733873844147,-0.05326072499155998
1627481380.4965146,-0.823150634765625,-1.3717004358768463,-1.5021365462910514,0.2017184942960739,-0.016201626509428024
1627481380.5402951,-0.8227043151855469,-1.3781899511814117,-1.5021249712178668,0.19711655378341675,0.0003540154721122235
1627481380.5403123,-0.8221664428710938,-1.3859670758247375,-1.501395288734149,0.20514976978302002,0.019202107563614845
1627481380.5842276,-0.8217096328735352,-1.39248126745224,-1.500318746587832,0.2040674090385437,0.033639371395111084
1627481380.6166968,-0.8212213516235352,-1.39934840798378,-1.4992078993743598,0.20862141251564026,0.03366398066282272
1627481380.6604092,-0.8207149505615234,-1.4062904119491577,-1.496745508681943,0.19886967539787292,0.0703505128622055
1627481380.7044206,-0.8201694488525391,-1.4135087132453918,-1.4941166297058892,0.20682446658611298,0.07511547952890396
1627481380.7044315,-0.819514274597168,-1.4217593222856522,-1.4889613038480318,0.19706177711486816,0.12274299561977386
1627481380.75078,-0.8189668655395508,-1.4283172637224197,-1.4859429677286602,0.20564933121204376,0.09432435035705566
1627481380.7777398,-0.8182888031005859,-1.4363374561071396,-1.4869720438209697,0.20121996104717255,-0.025725364685058594
1627481380.8249419,-0.8177356719970703,-1.442894920706749,-1.4862426086940237,0.20564933121204376,0.02279132604598999
1627481380.8682387,-0.8169670104980469,-1.4518472701311111,-1.4840465421525717,0.20421122014522552,0.049910761415958405
1627481380.9123816,-0.8163948059082031,-1.458428516983986,-1.4840619139128846,0.20018452405929565,-0.00046238754293881357
1627481380.9567661,-0.8157901763916016,-1.4652356058359146,-1.4803634084246193,0.12894123792648315,0.06978017091751099
1627481381.0003393,-0.8151702880859375,-1.4719905108213425,-1.4782942179197083,0.52178955078125,0.1591719090938568
1627481381.044619,-0.814488410949707,-1.4791971296072006,-1.4744975454168916,0.20682446658611298,0.10847704857587814
1627481381.0446284,-0.8136472702026367,-1.487914115190506,-1.4746540715194958,0.20366273820400238,-0.0036400416865944862
1627481381.0882986,-0.8130102157592773,-1.4945148080587387,-1.4743959497946832,0.20095151662826538,0.007824464701116085
1627481381.1157467,-0.8123626708984375,-1.5010636299848557,-1.4700190356955143,0.20564933121204376,0.13677775859832764
1627481381.1604435,-0.8116693496704102,-1.5078367739915848,-1.4674467962695097,0.20025219023227692,0.07565231621265411
1627481381.2042158,-0.8109664916992188,-1.5144817233085632,-1.4633616951288149,0.20248548686504364,0.12378981709480286
1627481381.248274,-0.8098869323730469,-1.5242172330617905,-1.4572624432492136,0.2040674090385437,0.1270696520805359
1627481381.2925544,-0.8091154098510742,-1.5309055149555206,-1.4546035286452548,0.21039508283138275,0.08308887481689453
1627481381.3364794,-0.8083286285400391,-1.5375920534133911,-1.4528067838342635,0.2040194720029831,0.054449744522571564
1627481381.3364892,-0.8074798583984375,-1.5446789935231209,-1.4503305639689459,0.20393182337284088,0.07074560225009918
1627481381.380686,-0.8066749572753906,-1.5512868538498878,-1.4488195866089046,0.2017184942960739,0.045787204056978226
1627481381.3806973,-0.8056306838989258,-1.5596758499741554,-1.4450374219590418,0.20128022134304047,0.09005126357078552
1627481381.4282136,-0.8047971725463867,-1.5662291049957275,-1.4434388307725816,0.20018452405929565,0.0484459325671196
1627481381.4722557,-0.8039541244506836,-1.5728322640061378,-1.444292232096495,0.2017184942960739,-0.025864804163575172
1627481381.5162044,-0.8029594421386719,-1.5805897787213326,-1.4422938198591253,0.205815851688385,0.05259012058377266
1627481381.560341,-0.8021049499511719,-1.5872169435024261,-1.4428402094417787,0.2088131606578827,-0.017073005437850952
1627481381.6044338,-0.8011770248413086,-1.5943195670843124,-1.4390527749849644,0.2046549767255783,0.10821478813886642
1627481381.6044505,-0.80023193359375,-1.6014198660850525,-1.437881758367935,0.2046549767255783,0.03345353156328201
1627481381.6482801,-0.7993268966674805,-1.6081168949604034,-1.4349543523384964,0.20478646457195282,0.0887133851647377
1627481381.660786,-0.7983198165893555,-1.6154386922717094,-1.4332851673729767,0.1997492015361786,0.04511266201734543
1627481381.7085772,-0.7974281311035156,-1.6218820661306381,-1.4331352964649096,0.20327645540237427,0.004682689905166626
1627481381.7523227,-0.7964582443237305,-1.628851279616356,-1.431913439414545,0.2010391652584076,0.03491129353642464
1627481381.7965903,-0.7954921722412109,-1.6356676816940308,-1.4281302716183788,0.20248548686504364,0.11126784980297089
1627481381.8416364,-0.7944660186767578,-1.6427310779690742,-1.4247958879273666,0.20393182337284088,0.09526865929365158
1627481381.841647,-0.7932977676391602,-1.6505923587828875,-1.4218370528295785,0.20378348231315613,0.07586601376533508
1627481381.8876657,-0.7922840118408203,-1.6572737739188597,-1.418463788693826,0.20478646457195282,0.10222016274929047
1627481381.9056447,-0.7909955978393555,-1.6656287857331336,-1.4171237292311458,0.20618949830532074,0.03268369659781456
1627481381.9529874,-0.789973258972168,-1.6722321659326553,-1.417323909779722,0.20248548686504364,-0.006065224297344685
1627481381.9962895,-0.788874626159668,-1.6793614979833364,-1.4183638844724684,0.20610129833221436,-0.029713766649365425
1627481382.0413618,-0.7877893447875977,-1.6863649394363165,-1.4158200598953772,0.1968608945608139,0.07066461443901062
1627481382.0843704,-0.7867593765258789,-1.6929414421319962,-1.4149892043061503,0.20802220702171326,0.02596154808998108
1627481382.1282547,-0.7853403091430664,-1.701942153275013,-1.4139167079721209,0.207087442278862,0.024375589564442635
1627481382.1724074,-0.7843112945556641,-1.7084163799881935,-1.4124817900419342,0.1986505389213562,0.04348248988389969
1627481382.216349,-0.7831735610961914,-1.715590886771679,-1.4145563248031487,0.20178242027759552,-0.057624444365501404
1627481382.2163577,-0.78204345703125,-1.7227409854531288,-1.4135235262468961,0.2010793387889862,0.028686391189694405
1627481382.2602422,-0.7809667587280273,-1.729540728032589,-1.4139000943716185,0.21514083445072174,-0.011768192052841187
1627481382.2670696,-0.7795419692993164,-1.738463670015335,-1.4110956796806329,0.20536170899868011,0.06373903900384903
1627481382.3148358,-0.7784023284912109,-1.745509721338749,-1.409800517043978,0.19826704263687134,0.035974714905023575
1627481382.367726,-0.7773122787475586,-1.752204790711403,-1.4089225062294513,0.2119770050048828,0.02744048833847046
1627481382.4124737,-0.7760992050170898,-1.7596234753727913,-1.4084011122775126,0.19782300293445587,0.013718479312956333
1627481382.4567316,-0.7749233245849609,-1.7667918279767036,-1.40798962309884,0.20178242027759552,0.011430846527218819
1627481382.5005572,-0.7732830047607422,-1.7766797915101051,-1.4048932731758492,0.20455166697502136,0.06319065392017365
1627481382.5468996,-0.772212028503418,-1.783044509589672,-1.4032353509039683,0.1955825835466385,0.050241295248270035
1627481382.5972762,-0.7703514099121094,-1.7938448637723923,-1.3970826105221155,0.10851017385721207,0.06091712787747383
1627481382.6475098,-0.7701454162597656,-1.7950165420770645,-1.3968998629565625,0.03304450586438179,0.005076328758150339
1627481382.695738,-0.7700710296630859,-1.7954403907060623,-1.3985969889883505,0.007683601230382919,-0.03030470386147499
1627481382.7459517,-0.7700576782226562,-1.7955151945352554,-1.3988853365526057,0.002300971420481801,-0.008738402277231216
1627481382.788478,-0.7700576782226562,-1.7955151945352554,-1.3989353460801128,0.0,-0.0010858410969376564
1627481382.832206,-0.7700576782226562,-1.7955151945352554,-1.3989161773941552,0.0,0.0005779844359494746
1627481382.8762918,-0.7700576782226562,-1.7955151945352554,-1.398859326616536,0.0,0.0012950464151799679
1627481382.9204197,-0.769984245300293,-1.7959391325712204,-1.3989299006281992,0.01195226889103651,-0.0019603306427598
1627481382.9643233,-0.7692127227783203,-1.8003522455692291,-1.3966418095712272,0.07466652244329453,0.03813505172729492
1627481383.0085247,-0.7684421539306641,-1.8047141134738922,-1.3953332134294822,0.12303806096315384,0.03634558618068695
1627481383.0523834,-0.7672853469848633,-1.8112438172101974,-1.3955502314848625,0.1617414653301239,-0.005291729234158993
1627481383.0965464,-0.7661724090576172,-1.8174985647201538,-1.393881388787668,0.17647172510623932,0.046359166502952576
1627481383.0965614,-0.7648458480834961,-1.8249492943286896,-1.3953335335869848,0.19404859840869904,-0.03723609074950218
1627481383.1491063,-0.7636194229125977,-1.8318264782428741,-1.3931985445623207,0.19404859840869904,0.05930662155151367
1627481383.1745813,-0.7620048522949219,-1.8408198356628418,-1.3930953444670244,0.2076626718044281,0.0023435463663190603
1627481383.224492,-0.7607326507568359,-1.8478688448667526,-1.3913420365169022,0.19897012412548065,0.048703618347644806
1627481383.2682247,-0.7593889236450195,-1.8552392572164536,-1.3895004572853642,0.1921016275882721,0.04721910506486893
1627481383.312208,-0.7584924697875977,-1.8601185530424118,-1.3888542340406234,0.1417398452758789,0.01846381649374962
1627481383.356637,-0.7575616836547852,-1.8651717007160187,-1.3885962468513873,0.07784953713417053,0.003908619750291109
1627481383.4003787,-0.7574243545532227,-1.8659184575080872,-1.3886814101324965,0.02372876927256584,-0.0026598572731018066
1627481383.4451041,-0.7573213577270508,-1.86646568775177,-1.3808622070434193,0.011600730940699577,0.16289949417114258
1627481383.4881947,-0.7572813034057617,-1.866664245724678,-1.366121671377055,0.005785299930721521,0.4211595952510834
1627481383.532152,-0.7572488784790039,-1.8668126612901688,-1.3488139603605098,0.004601942840963602,0.5244775414466858
1627481383.5762935,-0.7572250366210938,-1.866911068558693,-1.3187816448989134,0.0029777279123663902,0.8833022713661194
1627481383.6202278,-0.7571916580200195,-1.867033138871193,-1.2892334639493084,0.003834952600300312,0.8953990340232849
1627481383.6202385,-0.7568244934082031,-1.868191123008728,-1.2376450944095376,0.023821823298931122,1.0115352869033813
1627481383.6642804,-0.7560091018676758,-1.8704798966646194,-1.2191331426823608,0.07593206316232681,0.5785003304481506
1627481383.7043152,-0.7546520233154297,-1.8740798085927963,-1.201428017163454,0.10686734318733215,0.4918111562728882
1627481383.7482893,-0.7530145645141602,-1.8782225847244263,-1.1872985849458286,0.13920877873897552,0.4415437579154968
1627481383.792249,-0.7508573532104492,-1.8834384083747864,-1.169991089725897,0.16126522421836853,0.494497150182724
1627481383.8362901,-0.7477607727050781,-1.8905651569366455,-1.1518387360911817,0.17659956216812134,0.4125535488128662
1627481383.8803718,-0.7451658248901367,-1.896336317062378,-1.1446780691734246,0.19174762070178986,0.21698980033397675
1627481383.880382,-0.7413978576660156,-1.904577061533928,-1.1392501393348144,0.19698317348957062,0.11799905449151993
1627481383.9264066,-0.7386684417724609,-1.9104815423488617,-1.1363124143108738,0.20327645540237427,0.09180232882499695
1627481383.9439788,-0.7353849411010742,-1.9175520837306976,-1.1358051731817485,0.20514976978302002,0.0133514404296875
1627481384.0096564,-0.7326126098632812,-1.9235205352306366,-1.1361819008642609,0.19941753149032593,-0.011415192857384682
1627481384.0526989,-0.729095458984375,-1.9311522841453552,-1.1417441805576654,0.2049548327922821,-0.13566598296165466
1627481384.1022797,-0.7262554168701172,-1.9373681843280792,-1.1427513742902584,0.207087442278862,-0.03052118979394436
1627481384.1442199,-0.719386100769043,-1.9523175358772278,-1.1374116420604536,0.2031104415655136,0.06592126190662384
1627481384.1881957,-0.7166252136230469,-1.9582633674144745,-1.1348065626732007,0.20485836267471313,0.08140876889228821
1627481384.232426,-0.7137594223022461,-1.9644114077091217,-1.1343408303576727,0.20555345714092255,0.014117269776761532
1627481384.2763033,-0.7108049392700195,-1.9707415103912354,-1.1338207321158094,0.19959284365177155,0.014856883324682713
1627481384.320497,-0.7077808380126953,-1.9772067964076996,-1.1327268599910676,0.20393182337284088,0.031256675720214844
1627481384.3205078,-0.7041454315185547,-1.9849507808685303,-1.1309728229467106,0.203690767288208,0.04176298901438713
1627481384.3643694,-0.7013711929321289,-1.9908342063426971,-1.1292825328610356,0.20327645540237427,0.05282089114189148
1627481384.3839822,-0.6972904205322266,-1.9994598627090454,-1.1285802826565867,0.20743758976459503,0.015263971872627735
1627481384.4322658,-0.69439697265625,-2.005566954612732,-1.1280308305669349,0.20478646457195282,0.01665317639708519
1627481384.4771616,-0.6891317367553711,-2.016599953174591,-1.1230034670092575,0.2004108428955078,0.0824146568775177
1627481384.5252168,-0.6862430572509766,-2.022597074508667,-1.1207275614931955,0.20802220702171326,0.07112324237823486
1627481384.5707667,-0.6832122802734375,-2.0288631916046143,-1.119952931460125,0.19886967539787292,0.022132055833935738
1627481384.612315,-0.6803073883056641,-2.0348525047302246,-1.118402661409041,0.2017184942960739,0.04697929695248604
1627481384.6563256,-0.6772022247314453,-2.0412228405475616,-1.1159989315832932,0.20248548686504364,0.06867476552724838
1627481384.7002196,-0.6735992431640625,-2.0485614240169525,-1.1127968390670804,0.20438379049301147,0.08005201816558838
1627481384.7450004,-0.6705226898193359,-2.0547770261764526,-1.1096814164616697,0.2101553976535797,0.09441014379262924
1627481384.7450116,-0.6665563583374023,-2.0626983046531677,-1.10349898805544,0.20133501291275024,0.14050982892513275
1627481384.7882133,-0.6635332107543945,-2.068657398223877,-1.0991651144376007,0.2088131606578827,0.13543292880058289
1627481384.8031425,-0.659520149230957,-2.0765266120433807,-1.0992327611767558,0.20075976848602295,-0.001538883545435965
1627481384.850195,-0.6564960479736328,-2.082456797361374,-1.0992308159966477,0.2017184942960739,6.141084304545075e-05
1627481384.8923445,-0.6534423828125,-2.0884286761283875,-1.0969943732077556,0.20325247943401337,0.06776867806911469
1627481384.9363387,-0.650425910949707,-2.094305843114853,-1.0962030549821689,0.2064402848482132,0.024728477001190186
1627481384.9806573,-0.6471080780029297,-2.1007394790649414,-1.0930885465610007,0.20682446658611298,0.08898802846670151
1627481384.9806662,-0.6437530517578125,-2.107182264328003,-1.088207826016792,0.20178242027759552,0.135574072599411
1627481385.0245085,-0.6406269073486328,-2.1131167709827423,-1.0838349427670106,0.20960412919521332,0.1366548240184784
1627481385.0446389,-0.6367435455322266,-2.1204258501529694,-1.0810313583306115,0.20186816155910492,0.06837961077690125
1627481385.089918,-0.6335439682006836,-2.12640717625618,-1.0781951151040643,0.20555345714092255,0.08594628423452377
1627481385.1322603,-0.630406379699707,-2.13224920630455,-1.0775975863961431,0.20723123848438263,0.018671154975891113
1627481385.1763353,-0.6271800994873047,-2.1382449865341187,-1.0767467427048338,0.20025219023227692,0.025026937946677208
1627481385.2203443,-0.6239862442016602,-2.1441716849803925,-1.0762131702462747,0.2040194720029831,0.016169114038348198
1627481385.2642982,-0.6191024780273438,-2.153184413909912,-1.072235591506615,0.20099662244319916,0.07799092680215836
1627481385.3082252,-0.6158151626586914,-2.159204602241516,-1.069773955259972,0.20785441994667053,0.0745961144566536
1627481385.3522837,-0.6101083755493164,-2.169613480567932,-1.0687788187666254,0.20466744899749756,0.017157915979623795
1627481385.3964486,-0.6068716049194336,-2.1755168437957764,-1.0696815299091142,0.2040194720029831,-0.027356725186109543
1627481385.4404514,-0.603642463684082,-2.181395947933197,-1.0674887076840749,0.20325247943401337,0.06644653528928757
1627481385.4404616,-0.5999526977539062,-2.1880900859832764,-1.0665210867029316,0.20658992230892181,0.02615194022655487
1627481385.484501,-0.5966796875,-2.194002389907837,-1.063790980905964,0.20478646457195282,0.08273124694824219
1627481385.5089245,-0.5934391021728516,-2.199846029281616,-1.0651613100106998,0.2088131606578827,-0.0428222119808197
1627481385.5522785,-0.5899648666381836,-2.2061100006103516,-1.0636381661147476,0.2046549767255783,0.04352160915732384
1627481385.5963256,-0.5864582061767578,-2.212413728237152,-1.062584217109548,0.20037627220153809,0.029272504150867462
1627481385.6403675,-0.5831785202026367,-2.21829354763031,-1.0614145272124549,0.21039508283138275,0.0365525484085083
1627481385.6403766,-0.5797576904296875,-2.224413573741913,-1.0608482908496912,0.20031601190567017,0.016178403049707413
1627481385.6842196,-0.576441764831543,-2.230331242084503,-1.059299568663693,0.2119770050048828,0.04839897155761719
1627481385.7139294,-0.5713930130004883,-2.23928165435791,-1.055134824885232,0.20552277565002441,0.08329629898071289
1627481385.759148,-0.5680379867553711,-2.2452061772346497,-1.0559042313654534,0.20632044970989227,-0.023314446210861206
1627481385.8046548,-0.5641708374023438,-2.2520042657852173,-1.051286133632967,0.2005385160446167,0.11841150373220444
1627481385.8484085,-0.5606107711791992,-2.2582197189331055,-1.0499443488306623,0.19897012412548065,0.037269458174705505
1627481385.8925154,-0.5550155639648438,-2.2679656744003296,-1.0493077086656102,0.20811009407043457,0.011790681630373001
1627481385.9363873,-0.5514411926269531,-2.2741732597351074,-1.047502735496006,0.19897012412548065,0.050137441605329514
1627481385.98043,-0.5479774475097656,-2.2801811695098877,-1.0480090935665258,0.2101553976535797,-0.015341874212026596
1627481385.98044,-0.5445947647094727,-2.2860317826271057,-1.0452436005906809,0.21118603646755219,0.08641928434371948
1627481386.0242746,-0.5409860610961914,-2.2922483086586,-1.0443332500699627,0.19967319071292877,0.02528892643749714
1627481386.048525,-0.5359344482421875,-2.3009347319602966,-1.0438367054411746,0.20934046804904938,0.010343889705836773
1627481386.0941253,-0.5324459075927734,-2.306928515434265,-1.0435224946815074,0.1926424503326416,0.008728768676519394
1627481386.1397886,-0.529026985168457,-2.3128164410591125,-1.045910488839852,0.21276795864105225,-0.07462501525878906
1627481386.184206,-0.5248918533325195,-2.319927752017975,-1.042387022850735,0.20063349604606628,0.08593826740980148
1627481386.2282295,-0.5212135314941406,-2.3262211084365845,-1.0413482569493364,0.20248548686504364,0.028855271637439728
1627481386.272234,-0.5177745819091797,-2.332097589969635,-1.0414210884451707,0.21276795864105225,-0.0022761523723602295
1627481386.316233,-0.5134086608886719,-2.3395720720291138,-1.0428194922119776,0.20610129833221436,-0.033296290785074234
1627481386.3604755,-0.5097875595092773,-2.345781624317169,-1.0429052158873473,0.19967319071292877,-0.0023808744736015797
1627481386.4043071,-0.5041599273681641,-2.355421006679535,-1.0417827192959588,0.20670394599437714,0.020786568522453308
1627481386.448686,-0.5006446838378906,-2.3614283204078674,-1.0408154563888956,0.19334551692008972,0.02686844952404499
1627481386.4486985,-0.4968843460083008,-2.367849826812744,-1.0413523083442322,0.21260976791381836,-0.015337126329541206
1627481386.492302,-0.493316650390625,-2.3739442229270935,-1.041081461190514,0.1961578130722046,0.0075234305113554
1627481386.5291662,-0.48733043670654297,-2.384136438369751,-1.0384240139244083,0.20737001299858093,0.04662128910422325
1627481386.5742865,-0.4835996627807617,-2.39045786857605,-1.0369007381014785,0.20389163494110107,0.04231267422437668
1627481386.6198573,-0.47764110565185547,-2.4004899859428406,-1.0327856701604612,0.2083611935377121,0.07348401099443436
1627481386.666583,-0.4740438461303711,-2.4065080285072327,-1.0313582405412232,0.19475166499614716,0.039650335907936096
1627481386.712684,-0.46805477142333984,-2.416433572769165,-1.024449541376033,0.20700526237487793,0.12336884438991547
1627481386.75843,-0.46433544158935547,-2.422525465488434,-1.0208455061365633,0.19826704263687134,0.10011262446641922
1627481386.8043492,-0.4585132598876953,-2.4320192337036133,-1.0205620347332596,0.20623522996902466,0.00524962367489934
1627481386.85,-0.45497608184814453,-2.4377776980400085,-1.0194173918252452,0.20478646457195282,0.034686289727687836
1627481386.8952732,-0.4507465362548828,-2.444625735282898,-1.0156551903162938,0.20637944340705872,0.09646782279014587
1627481386.940276,-0.4469585418701172,-2.450734794139862,-1.0158185020485502,0.19967319071292877,-0.004536575637757778
1627481386.9843428,-0.44029903411865234,-2.4613771438598633,-1.0075279297169943,0.20923501253128052,0.13817548751831055
1627481387.0283701,-0.4366798400878906,-2.4670844674110413,-1.0038683612438148,0.20478646457195282,0.11089715361595154
1627481387.072199,-0.43004798889160156,-2.47750461101532,-1.0041331958388353,0.20248548686504364,-0.004342345055192709
1627481387.1162505,-0.42647647857666016,-2.4831219911575317,-1.0047579967296305,0.2017184942960739,-0.018932603299617767
1627481387.1602323,-0.42256736755371094,-2.489244759082794,-1.000437387796097,0.20178242027759552,0.12001726031303406
1627481387.2043452,-0.41890716552734375,-2.4949257373809814,-0.996488852301881,0.20478646457195282,0.11965180933475494
1627481387.248577,-0.41514015197753906,-2.5007182955741882,-0.9918524558044296,0.20938840508460999,0.14049717783927917
1627481387.2485878,-0.4102134704589844,-2.508262872695923,-0.9928001354833418,0.2095489352941513,-0.022038470953702927
1627481387.2922091,-0.4062824249267578,-2.514281153678894,-0.9916472570132607,0.19967319071292877,0.03202424943447113
1627481387.3402882,-0.4026775360107422,-2.5197868943214417,-0.9905866177640916,0.19941753149032593,0.03213954716920853
1627481387.3846433,-0.39798831939697266,-2.526912033557892,-0.9868849339781558,0.20308813452720642,0.08813539892435074
1627481387.4288692,-0.39432430267333984,-2.5324390530586243,-0.9838084938922432,0.20095151662826538,0.0932270810008049
1627481387.472181,-0.3902864456176758,-2.5385079979896545,-0.9836400407204554,0.20248548686504364,0.004678964614868164
1627481387.516714,-0.38643646240234375,-2.544276237487793,-0.980852260135791,0.2101553976535797,0.08447784185409546
1627481387.5603347,-0.3823375701904297,-2.5503957271575928,-0.9803989049074676,0.2045947164297104,0.012593137100338936
1627481387.5603473,-0.37700557708740234,-2.558309257030487,-0.9754036165710428,0.2030240148305893,0.10628268867731094
1627481387.6043146,-0.3733358383178711,-2.5637107491493225,-0.9726545649948186,0.2040674090385437,0.08590705692768097
1627481387.6154761,-0.36832427978515625,-2.5710465908050537,-0.9703474268439513,0.20660583674907684,0.053655270487070084
1627481387.6682694,-0.36464500427246094,-2.57641065120697,-0.9687457087305348,0.19711655378341675,0.04853624105453491
1627481387.713898,-0.3596162796020508,-2.583734631538391,-0.9695183968015264,0.20660583674907684,-0.01796872168779373
1627481387.7561998,-0.3558635711669922,-2.5892019271850586,-0.9689635309412253,0.20095151662826538,0.01681392826139927
1627481387.8002412,-0.34934139251708984,-2.5986623764038086,-0.9653974788208709,0.20519734919071198,0.0636790469288826
1627481387.8443363,-0.3454923629760742,-2.604217231273651,-0.9643335295611483,0.20478646457195282,0.032240692526102066
1627481387.8884277,-0.33892822265625,-2.6136487126350403,-0.961178984434145,0.2015973925590515,0.05534343421459198
1627481387.9322608,-0.33516979217529297,-2.619019567966461,-0.9591732967893305,0.1986505389213562,0.060778677463531494
1627481387.9763908,-0.327880859375,-2.629458010196686,-0.9633143047505486,0.19892618060112,-0.06470363587141037
1627481388.0213387,-0.32411956787109375,-2.634888708591461,-0.9667605406330244,0.2064402848482132,-0.10769441723823547
1627481388.0651188,-0.31698131561279297,-2.645246386528015,-0.9679326589036373,0.1965533047914505,-0.018314458429813385
1627481388.113582,-0.31333255767822266,-2.6505396366119385,-0.9666411353594659,0.20090357959270477,0.04035979509353638
1627481388.1584957,-0.30931663513183594,-2.6563791036605835,-0.970110110498977,0.20248548686504364,-0.09911400824785233
1627481388.2003977,-0.30559635162353516,-2.661807656288147,-0.9699864910971018,0.19355231523513794,0.003635883331298828
1627481388.2443256,-0.3019247055053711,-2.667177200317383,-0.9720538710962058,0.19711655378341675,-0.06264809519052505
1627481388.2443347,-0.29673099517822266,-2.674787163734436,-0.9718553117680095,0.19602319598197937,0.004225588869303465
1627481388.2886136,-0.2932243347167969,-2.6799323558807373,-0.9733094759850409,0.19457590579986572,-0.04544481635093689
1627481388.3317688,-0.28950977325439453,-2.6854257583618164,-0.9791256107367374,0.18946856260299683,-0.16617433726787567
1627481388.3764675,-0.2854156494140625,-2.6915483474731445,-0.983612322478791,0.1938265711069107,-0.11807052791118622
1627481388.420166,-0.2819528579711914,-2.696783661842346,-0.9891386250011386,0.1902136504650116,-0.16746556758880615
1627481388.4651415,-0.2773141860961914,-2.7038508653640747,-0.9906803741397517,0.18786154687404633,-0.03426074981689453
1627481388.5082865,-0.27387142181396484,-2.709130048751831,-0.9952392752019509,0.19694878160953522,-0.14246441423892975
1627481388.5082953,-0.26919078826904297,-2.716381788253784,-1.0000617701842263,0.20071962475776672,-0.11215098947286606
1627481388.5521672,-0.2658567428588867,-2.7215805053710938,-1.001082533112337,0.1871456801891327,-0.03093300387263298
1627481388.5844836,-0.26223087310791016,-2.727253556251526,-1.0031735036224148,0.19236122071743011,-0.059740882366895676
1627481388.6281874,-0.25873756408691406,-2.732770562171936,-1.0093666095993516,0.18657591938972473,-0.1769474595785141
1627481388.672356,-0.2554178237915039,-2.7380682229995728,-1.0127469539528646,0.18944665789604187,-0.10243329405784607
1627481388.6723688,-0.2518148422241211,-2.7438751459121704,-1.0181476138656227,0.18983015418052673,-0.15001827478408813
1627481388.717718,-0.2484893798828125,-2.7492884397506714,-1.0217843021919693,0.19251461327075958,-0.1102035716176033
1627481388.7609856,-0.24519729614257812,-2.754692316055298,-1.0254890816669526,0.19174762070178986,-0.11226624995470047
1627481388.804209,-0.2415180206298828,-2.760779023170471,-1.028717364980115,0.19756397604942322,-0.0896751880645752
1627481388.848914,-0.23820018768310547,-2.7663148641586304,-1.032899738973044,0.18983015418052673,-0.12300996482372284
1627481388.8924034,-0.2348766326904297,-2.771906614303589,-1.0361575127145353,0.11615797132253647,-0.05817413330078125
1627481388.8924177,-0.23160457611083984,-2.777440667152405,-1.0375443416270709,0.6428914666175842,-0.1386880874633789
1627481388.9362378,-0.22813034057617188,-2.7833547592163086,-1.041676777237356,0.19597703218460083,-0.11806828528642654
1627481388.9470468,-0.2243804931640625,-2.789782166481018,-1.0436417755514267,0.1908036321401596,-0.050385791808366776
1627481388.993087,-0.22124195098876953,-2.7951892614364624,-1.046235280832608,0.18944665789604187,-0.07859143614768982
1627481389.052191,-0.21783161163330078,-2.8011404275894165,-1.0545798155431523,0.19053322076797485,-0.23179252445697784
1627481389.0968835,-0.2143850326538086,-2.807275176048279,-1.0633884971177971,0.19017218053340912,-0.23807062208652496
1627481389.1402512,-0.21123027801513672,-2.8129926919937134,-1.0698126236134273,0.19788354635238647,-0.1946723759174347
1627481389.1841738,-0.20461750030517578,-2.825156092643738,-1.0758079594668246,0.19499923288822174,-0.08444046974182129
1627481389.228223,-0.20150470733642578,-2.8309253454208374,-1.0762013776027428,0.1928078830242157,-0.011573819443583488
1627481389.2724385,-0.19794654846191406,-2.837575912475586,-1.0828763712439589,0.1933996081352234,-0.17115092277526855
1627481389.3164837,-0.19477176666259766,-2.843570351600647,-1.0845848781725378,0.19380754232406616,-0.048814501613378525
1627481389.3602793,-0.1918621063232422,-2.849103808403015,-1.0888343156669913,0.18944665789604187,-0.1287713199853897
1627481389.3602965,-0.18851947784423828,-2.8555245399475098,-1.0927298250767579,0.19049622118473053,-0.10251371562480927
1627481389.4043467,-0.18554973602294922,-2.8612834215164185,-1.0966204281192724,0.1799871027469635,-0.1080731526017189
1627481389.425035,-0.18259429931640625,-2.8670496940612793,-1.0977542986982618,0.20248548686504364,-0.03543496131896973
1627481389.4682968,-0.17954349517822266,-2.873051643371582,-1.1034103641769781,0.18701784312725067,-0.15711122751235962
1627481389.5124056,-0.17648792266845703,-2.879136323928833,-1.1075159994304156,0.19453071057796478,-0.11730194091796875
1627481389.5124154,-0.17342185974121094,-2.885300636291504,-1.1110802620553033,0.18606774508953094,-0.09633399546146393
1627481389.5583985,-0.17041587829589844,-2.8914095163345337,-1.1158755538942913,0.19453071057796478,-0.1370055377483368
1627481389.6030695,-0.16771697998046875,-2.896964430809021,-1.121209754819718,0.1871456801891327,-0.16164419054985046
1627481389.6482527,-0.1643695831298828,-2.9039770364761353,-1.1297447115720254,0.18952147662639618,-0.20817139744758606
1627481389.692221,-0.1615285873413086,-2.9100531339645386,-1.1372253298866,0.18631477653980255,-0.20779173076152802
1627481389.7363186,-0.15900135040283203,-2.915549159049988,-1.142337977798856,0.18331073224544525,-0.15493233501911163
1627481389.7363281,-0.15622234344482422,-2.921681523323059,-1.1482717514483303,0.19236122071743011,-0.1695326417684555
1627481389.7802324,-0.1535816192626953,-2.9275983572006226,-1.1536274963501052,0.1799871027469635,-0.148773193359375
1627481389.823751,-0.1510782241821289,-2.93329918384552,-1.1603342270424577,0.19457590579986572,-0.20958483219146729
1627481389.8688219,-0.1481647491455078,-2.940063714981079,-1.1677806323887954,0.18885666131973267,-0.19093354046344757
1627481389.9213295,-0.14560413360595703,-2.9461257457733154,-1.1743543190989054,0.18279939889907837,-0.1826021373271942
1627481389.9664757,-0.1389598846435547,-2.961948037147522,-1.1721330602356825,0.19281624257564545,0.024957602843642235
1627481390.0109062,-0.13638782501220703,-2.9680877923965454,-1.1760675170305124,0.18490862846374512,-0.10929173976182938
1627481390.0523193,-0.13340091705322266,-2.975316047668457,-1.1818967282148503,0.19075614213943481,-0.14217597246170044
1627481390.0965512,-0.1309185028076172,-2.981438159942627,-1.1893628931681146,0.18350248038768768,-0.20739105343818665
1627481390.1401973,-0.1286182403564453,-2.9872242212295532,-1.1954788845414794,0.19457590579986572,-0.1911260187625885
1627481390.1843257,-0.12612342834472656,-2.993613600730896,-1.2016284433374989,0.19053322076797485,-0.17082029581069946
1627481390.2288811,-0.12368965148925781,-2.9999724626541138,-1.2089915420982573,0.18912707269191742,-0.2045300304889679
1627481390.2761374,-0.12041091918945312,-3.0086634159088135,-1.2110402219246,0.19763876497745514,-0.04358748346567154
1627481390.3204238,-0.11798858642578125,-3.015134572982788,-1.2141100683316586,0.1919393688440323,-0.08527437597513199
1627481390.3204343,-0.11539268493652344,-3.022135376930237,-1.217229552061784,0.20180141925811768,-0.08430996537208557
1627481390.3644686,-0.11302661895751953,-3.028573513031006,-1.2199237702846908,0.19053322076797485,-0.0748402550816536
1627481390.3692257,-0.11034870147705078,-3.0359216928482056,-1.2226763204724824,0.19552505016326904,-0.06881356239318848
1627481390.4144983,-0.10805988311767578,-3.0422533750534058,-1.2251655636849903,0.19236122071743011,-0.07112366706132889
1627481390.4607012,-0.10578727722167969,-3.0486176013946533,-1.23039750228561,0.18772092461585999,-0.14532937109470367
1627481390.5043275,-0.103607177734375,-3.054800033569336,-1.2331991982023263,0.20485836267471313,-0.08755549788475037
1627481390.548241,-0.10132789611816406,-3.0613232851028442,-1.2362036559581475,0.1919393688440323,-0.08345643430948257
1627481390.5930357,-0.09869766235351562,-3.0688765048980713,-1.2351259626827862,0.20508146286010742,0.027632102370262146
1627481390.6369607,-0.09637737274169922,-3.0755460262298584,-1.236771523768197,0.1961578130722046,-0.045710138976573944
1627481390.6369715,-0.09361076354980469,-3.083507537841797,-1.2359473846099926,0.20557215809822083,0.02010275609791279
1627481390.7101138,-0.09149932861328125,-3.0895798206329346,-1.2363470040916438,0.19481559097766876,-0.012108773924410343
1627481390.7565367,-0.08920001983642578,-3.0962029695510864,-1.2368473219993525,0.19475166499614716,-0.013897816650569439
1627481390.8005793,-0.08501720428466797,-3.108548641204834,-1.2514161873014302,0.2005385160446167,-0.2241373062133789
1627481390.8446078,-0.08298778533935547,-3.1147021055221558,-1.2529867873287401,0.19057458639144897,-0.046193599700927734
1627481390.8446202,-0.08050060272216797,-3.1222504377365112,-1.251959968861518,0.20378348231315613,0.026326913386583328
1627481390.8890603,-0.07844734191894531,-3.1284494400024414,-1.2499818621572818,0.19788354635238647,0.059944212436676025
1627481390.9037647,-0.07600116729736328,-3.1357980966567993,-1.2489272311509088,0.19859154522418976,0.027042169123888016
1627481390.9502296,-0.07388877868652344,-3.142110824584961,-1.246876686407622,0.2017184942960739,0.0621369406580925
1627481390.9939902,-0.07169055938720703,-3.148661494255066,-1.247095347266261,0.1919393688440323,-0.006073051132261753
1627481391.0362396,-0.06937122344970703,-3.155572295188904,-1.247012817662547,0.20827078819274902,0.0023569378536194563
1627481391.0801973,-0.06734180450439453,-3.1616456508636475,-1.2495000640581282,0.19404859840869904,-0.07536917179822922
1627481391.1243498,-0.06475162506103516,-3.1694265604019165,-1.249436421470849,0.20001615583896637,0.0015526283532381058
1627481391.1681929,-0.06274127960205078,-3.175479769706726,-1.250857815164148,0.1932816058397293,-0.043074291199445724
1627481391.2123592,-0.060639381408691406,-3.181822657585144,-1.2508475101374954,0.20248548686504364,0.0003106666263192892
1627481391.212389,-0.05846214294433594,-3.188407301902771,-1.2521581202501484,0.18743589520454407,-0.03542126715183258
1627481391.2563632,-0.05640697479248047,-3.194632411003113,-1.2517802083686609,0.20485836267471313,0.011809170246124268
1627481391.272391,-0.05316734313964844,-3.2045445442199707,-1.2580717390151732,0.19675476849079132,-0.11870545893907547
1627481391.3217242,-0.051367759704589844,-3.2101606130599976,-1.2632675876126531,0.17870879173278809,-0.15745018422603607
1627481391.3651173,-0.049569129943847656,-3.215909719467163,-1.271850174145787,0.18254373967647552,-0.2600785493850708
1627481391.4081156,-0.047931671142578125,-3.2213377952575684,-1.2838264980040834,0.16675275564193726,-0.35224592685699463
1627481391.4526603,-0.04641151428222656,-3.22664213180542,-1.2996728277693264,0.16720393300056458,-0.4801930785179138
1627481391.4967372,-0.04471588134765625,-3.233000636100769,-1.3206773497436117,0.16050679981708527,-0.512303352355957
1627481391.5402591,-0.04347801208496094,-3.2380396127700806,-1.3392098673296744,0.15723305940628052,-0.5615949630737305
1627481391.584225,-0.04013538360595703,-3.2538121938705444,-1.384724203170521,0.1580677181482315,-0.4462178945541382
1627481391.6282964,-0.03920555114746094,-3.2589683532714844,-1.4001190322008652,0.15876702964305878,-0.46651291847229004
1627481391.6739762,-0.038300514221191406,-3.2644625902175903,-1.4147975351395397,0.15909574925899506,-0.4193851053714752
1627481391.7162087,-0.03749275207519531,-3.2698440551757812,-1.4288173500171026,0.16005286574363708,-0.4123484492301941
1627481391.7603917,-0.03675270080566406,-3.2754141092300415,-1.4485892699089227,0.1605420708656311,-0.5649123787879944
1627481391.7604036,-0.03604316711425781,-3.281676411628723,-1.4674227177341328,0.16159899532794952,-0.48290765285491943
1627481391.809313,-0.03554344177246094,-3.2869426012039185,-1.4847797759702783,0.16030101478099823,-0.5259694457054138
1627481391.8353314,-0.035042762756347656,-3.2935296297073364,-1.5049552251641423,0.15362997353076935,-0.4691966772079468
1627481391.8815942,-0.03473091125488281,-3.298861026763916,-1.519662400028898,0.16689233481884003,-0.4596002399921417
1627481391.9242241,-0.03441619873046875,-3.3059409856796265,-1.5331901695802832,0.16873790323734283,-0.3220893144607544
1627481391.9682322,-0.034224510192871094,-3.311885952949524,-1.5439579142072097,0.18024276196956635,-0.3262938857078552
1627481392.0144377,-0.03407859802246094,-3.317857503890991,-1.548908062366151,0.18100975453853607,-0.1500050276517868
1627481392.0144522,-0.033928871154785156,-3.325449228286743,-1.5532119832909976,0.18520013988018036,-0.10497686266899109
1627481392.0583153,-0.033812522888183594,-3.3319023847579956,-1.5523102128643844,0.2016945332288742,0.02818182110786438
1627481392.10173,-0.033702850341796875,-3.338330388069153,-1.555077949076923,0.19481559097766876,-0.08386915177106857
1627481392.1444411,-0.033576011657714844,-3.34612500667572,-1.5539738796844038,0.20514976978302002,0.029052559286355972
1627481392.1882339,-0.033463478088378906,-3.35273015499115,-1.5536572518467482,0.20018452405929565,0.009594541974365711
1627481392.232521,-0.03334331512451172,-3.359411120414734,-1.551985325460268,0.20248548686504364,0.05066394805908203
1627481392.2325358,-0.033196449279785156,-3.3669016361236572,-1.5503910387629476,0.20248548686504364,0.043092548847198486
1627481392.276289,-0.033051490783691406,-3.3736326694488525,-1.5480106909345348,0.2040194720029831,0.07212884724140167
1627481392.3082337,-0.032774925231933594,-3.3852216005325317,-1.5458019529610225,0.20700526237487793,0.039443373680114746
1627481392.3547983,-0.032608985900878906,-3.3917243480682373,-1.5446481314073117,0.19711655378341675,0.03496444597840309
1627481392.3964682,-0.032421112060546875,-3.398581027984619,-1.5421449455942464,0.20785441994667053,0.07584962248802185
1627481392.440501,-0.03222942352294922,-3.4051843881607056,-1.5414281502202465,0.20018452405929565,0.021721377968788147
1627481392.4841986,-0.03202056884765625,-3.411989688873291,-1.5386963737619705,0.20632044970989227,0.0827818214893341
1627481392.5282974,-0.03166770935058594,-3.422386407852173,-1.5350431637383808,0.20397435128688812,0.07163309305906296
1627481392.572437,-0.031411170959472656,-3.429494023323059,-1.5343685682348616,0.20320865511894226,0.01927443966269493
1627481392.5724497,-0.0311126708984375,-3.437511920928955,-1.532799117458799,0.20573045313358307,0.04024077579379082
1627481392.616931,-0.03086090087890625,-3.4440371990203857,-1.5318028752745465,0.19788354635238647,0.030188849195837975
1627481392.6509838,-0.03059864044189453,-3.4506887197494507,-1.5308400048100634,0.2017184942960739,0.029177377000451088
1627481392.69242,-0.030328750610351562,-3.4576185941696167,-1.5329432518465174,0.1981465220451355,-0.06009170040488243
1627481392.736517,-0.03007984161376953,-3.464194655418396,-1.5328931112793949,0.19941753149032593,0.0015208215918391943
1627481392.7805874,-0.02983856201171875,-3.4705684185028076,-1.5330334456336874,0.1932816058397293,-0.004251798149198294
1627481392.7805989,-0.029572486877441406,-3.4774731397628784,-1.531414070630194,0.1919393688440323,0.044981639832258224
1627481392.8244357,-0.029325485229492188,-3.4837706089019775,-1.5316285549794817,0.19098062813282013,-0.006502324715256691
1627481392.8545632,-0.02898120880126953,-3.493382453918457,-1.5382870280317438,0.1885894238948822,-0.13055755198001862
1627481392.9023247,-0.028787612915039062,-3.499833822250366,-1.543436241890124,0.18440642952919006,-0.14712129533290863
1627481392.9594102,-0.0286102294921875,-3.51000714302063,-1.5633269658164761,0.17245586216449738,-0.3371299207210541
1627481393.0384896,-0.028598785400390625,-3.5155248641967773,-1.574239621356635,0.16720393300056458,-0.3306865692138672
1627481393.0802083,-0.02899646759033203,-3.5308579206466675,-1.6192416069611506,0.1631731539964676,-0.4787445068359375
1627481393.1243117,-0.029314041137695312,-3.536442518234253,-1.636016659621767,0.15981890261173248,-0.4792860448360443
1627481393.1684926,-0.029783248901367188,-3.5428035259246826,-1.6527601037739519,0.16354598104953766,-0.42931848764419556
1627481393.2122185,-0.03028392791748047,-3.5483747720718384,-1.6680092268506164,0.15981890261173248,-0.4356929361820221
1627481393.256211,-0.031223297119140625,-3.556750774383545,-1.6969131934240598,0.15902751684188843,-0.5453577637672424
1627481393.3003469,-0.031966209411621094,-3.5622693300247192,-1.71225328266465,0.15909574925899506,-0.43828827142715454
1627481393.3465064,-0.03299903869628906,-3.568922281265259,-1.7373276534027065,0.156573086977005,-0.5831246972084045
1627481393.38855,-0.03396892547607422,-3.57435405254364,-1.7576433904833144,0.15327027440071106,-0.564326822757721
1627481393.4322934,-0.03570365905761719,-3.5828604698181152,-1.7863585339633026,0.1607697308063507,-0.53175950050354
1627481393.476516,-0.03688526153564453,-3.588042736053467,-1.8035776042519251,0.15186412632465363,-0.491973340511322
1627481393.5204396,-0.0382080078125,-3.593373656272888,-1.8243020202279847,0.1569262593984604,-0.592126190662384
1627481393.5204513,-0.03961467742919922,-3.5985779762268066,-1.8453872802640134,0.1540336012840271,-0.6024360656738281
1627481393.5643578,-0.04116249084472656,-3.60390043258667,-1.8622583671621324,0.15837258100509644,-0.48203128576278687
1627481393.584457,-0.04319477081298828,-3.610398530960083,-1.8856593272006033,0.15833894908428192,-0.5442098379135132
1627481393.6316035,-0.04487419128417969,-3.6154149770736694,-1.901877087187022,0.16030101478099823,-0.49144572019577026
1627481393.6763263,-0.04662513732910156,-3.62037992477417,-1.9177214626200043,0.1595340222120285,-0.4801316559314728
1627481393.7208912,-0.04870128631591797,-3.6259536743164062,-1.937105842321286,0.16075706481933594,-0.5239022970199585
1627481393.7641912,-0.050614356994628906,-3.630858302116394,-1.9483460939367052,0.1595340222120285,-0.3406170606613159
1627481393.808296,-0.05321502685546875,-3.6371779441833496,-1.9740335314491813,0.1589275598526001,-0.5973799228668213
1627481393.8525226,-0.05547046661376953,-3.642324209213257,-1.9938140787688152,0.15608257055282593,-0.549462080001831
1627481393.8965132,-0.05966377258300781,-3.6512882709503174,-2.0228976916276697,0.16223734617233276,-0.4767804741859436
1627481393.9402964,-0.062254905700683594,-3.6565295457839966,-2.036931075909103,0.16241024434566498,-0.3898143768310547
1627481393.984374,-0.06711101531982422,-3.6659576892852783,-2.055859609124879,0.1797487735748291,-0.32082250714302063
1627481394.028222,-0.07020378112792969,-3.6717662811279297,-2.06433580601021,0.18279939889907837,-0.2354515939950943
1627481394.0723355,-0.07569026947021484,-3.681891918182373,-2.070317275789232,0.19855797290802002,-0.10312836617231369
1627481394.1162617,-0.07884502410888672,-3.6876673698425293,-2.0710320097618706,0.19941753149032593,-0.021659966558218002
1627481394.1604583,-0.08226394653320312,-3.6939327716827393,-2.0696139763353014,0.20393182337284088,0.04051753506064415
1627481394.2044752,-0.08559894561767578,-3.700042247772217,-2.071320580341388,0.19886967539787292,-0.048760004341602325
1627481394.2483213,-0.08882522583007812,-3.705951690673828,-2.0696086428771565,0.21039508283138275,0.053495168685913086
1627481394.2483344,-0.09267902374267578,-3.7130179405212402,-2.070572847182239,0.20637944340705872,-0.02472217194736004
1627481394.292342,-0.09612751007080078,-3.719325065612793,-2.0716345761911006,0.19967319071292877,-0.029491053894162178
1627481394.3012168,-0.10029411315917969,-3.7269415855407715,-2.0710511111605516,0.2117455005645752,0.014229518361389637
1627481394.3479156,-0.10349750518798828,-3.7328054904937744,-2.0705849638272626,0.20248548686504364,0.014124494977295399
1627481394.392383,-0.10692596435546875,-3.7390944957733154,-2.069303992838005,0.19897012412548065,0.0355839729309082
1627481394.4365056,-0.11042308807373047,-3.7455191612243652,-2.069179612258491,0.20899395644664764,0.0035558429080992937
1627481394.4805157,-0.11385440826416016,-3.751835346221924,-2.0677485187837537,0.19967319071292877,0.03974967449903488
1627481394.524564,-0.11778640747070312,-3.759089708328247,-2.067125008896913,0.2062820941209793,0.015586614608764648
1627481394.5686479,-0.1212453842163086,-3.765477418899536,-2.067084234371321,0.20178242027759552,0.0011324882507324219
1627481394.6122909,-0.12444210052490234,-3.7714028358459473,-2.0638926362776613,0.2040194720029831,0.09671846777200699
1627481394.6123009,-0.12802600860595703,-3.7780683040618896,-2.0644119411885145,0.21021930873394012,-0.014424324035644531
1627481394.65628,-0.1311330795288086,-3.7838408946990967,-2.064630505374808,0.1986505389213562,-0.006625146605074406
1627481394.673238,-0.13555908203125,-3.792036294937134,-2.0674071164570558,0.20248548686504364,-0.060361362993717194
1627481394.7216718,-0.1387624740600586,-3.797929048538208,-2.0700998182050454,0.20325247943401337,-0.08159695565700531
1627481394.76454,-0.14333724975585938,-3.8063318729400635,-2.06865938872755,0.20356254279613495,0.030649470165371895
1627481394.808495,-0.1468038558959961,-3.8127152919769287,-2.0680556563321386,0.20178242027759552,0.016768774017691612
1627481394.8521416,-0.1499624252319336,-3.8185460567474365,-2.0665643831480636,0.20095151662826538,0.04519115760922432
1627481394.8964322,-0.15324878692626953,-3.8246243000030518,-2.066421932415855,0.20938840508460999,0.004313208628445864
1627481394.8964446,-0.15639019012451172,-3.8304355144500732,-2.0664354208080202,0.20018452405929565,-0.0004045891109853983
1627481394.940296,-0.16015052795410156,-3.8373796939849854,-2.0678004612321286,0.2078140527009964,-0.035925913602113724
1627481394.9655254,-0.16335010528564453,-3.8432745933532715,-2.0683855972486875,0.20325247943401337,-0.01772967167198658
1627481395.0082493,-0.16672039031982422,-3.849480390548706,-2.068155270109141,0.13580156862735748,0.0044290837831795216
1627481395.0524185,-0.17011642456054688,-3.855729579925537,-2.069022152167649,0.39512795209884644,-0.048160552978515625
1627481395.096804,-0.17325687408447266,-3.8615124225616455,-2.0676475284514217,0.19941753149032593,0.041658226400613785
1627481395.096818,-0.17694854736328125,-3.868320941925049,-2.06768183826911,0.21514083445072174,-0.00095367431640625
1627481395.142719,-0.18005943298339844,-3.8740627765655518,-2.0668754939272875,0.19788354635238647,0.024434292688965797
1627481395.1669579,-0.1842803955078125,-3.881880044937134,-2.064903207247077,0.20660583674907684,0.04586508125066757
1627481395.2130098,-0.1874103546142578,-3.887697696685791,-2.063870410776584,0.20018452405929565,0.03129785880446434
1627481395.2563517,-0.19082164764404297,-3.8940536975860596,-2.0628085061540955,0.20610129833221436,0.030340466648340225
1627481395.3003776,-0.19404888153076172,-3.9000773429870605,-2.0625156762926746,0.207087442278862,0.008872061036527157
1627481395.344236,-0.19721221923828125,-3.905992031097412,-2.0612869235648272,0.20325247943401337,0.03723664581775665
1627481395.3882113,-0.2015390396118164,-3.91412615776062,-2.057993107451036,0.20938840508460999,0.07485801726579666
1627481395.4324334,-0.2045574188232422,-3.9198312759399414,-2.0568098531837467,0.1955825835466385,0.0358567088842392
1627481395.476535,-0.2079181671142578,-3.9262139797210693,-2.054137757178431,0.20610129833221436,0.0763484388589859
1627481395.476546,-0.2111673355102539,-3.932426691055298,-2.0511364836016277,0.20031601190567017,0.08574894815683365
1627481395.520265,-0.21450328826904297,-3.9388511180877686,-2.04834339403609,0.20682446658611298,0.07980210334062576
1627481395.5313668,-0.21817302703857422,-3.945957660675049,-2.0465922827541916,0.20508146286010742,0.04490216448903084
1627481395.5792632,-0.22125911712646484,-3.95194149017334,-2.047191093937035,0.2040194720029831,-0.01814871095120907
1627481395.62426,-0.22540760040283203,-3.9599974155426025,-2.0453977218423054,0.2059369534254074,0.04075874015688896
1627481395.6683161,-0.2283802032470703,-3.9657833576202393,-2.0453663517054714,0.19711655378341675,0.00095367431640625
1627481395.7130451,-0.23147010803222656,-3.9718217849731445,-2.0422772705240564,0.20555345714092255,0.09360457956790924
1627481395.7130563,-0.2349557876586914,-3.9786815643310547,-2.039492574260537,0.20248548686504364,0.07328233867883682
1627481395.7571578,-0.2380666732788086,-3.984851360321045,-2.0361790222570186,0.20938840508460999,0.1004103422164917
1627481395.7913225,-0.24311351776123047,-3.9949488639831543,-2.032432155299409,0.20524665713310242,0.06812702864408493
1627481395.8394442,-0.24611186981201172,-4.000977039337158,-2.032285028630109,0.2040194720029831,0.004457704722881317
1627481395.8993137,-0.24917030334472656,-4.007144927978516,-2.029943167361121,0.20862141251564026,0.07096204161643982
1627481395.9447756,-0.25249195098876953,-4.013860464096069,-2.0302438609243145,0.19715692102909088,-0.00791173242032528
1627481395.988523,-0.25548744201660156,-4.019918441772461,-2.0296569253176964,0.20478646457195282,0.017787471413612366
1627481396.0325418,-0.26296520233154297,-4.0350542068481445,-2.0296930878717574,0.20340032875537872,-0.00043662198004312813
1627481396.0764318,-0.2659931182861328,-4.041208744049072,-2.0264076600610488,0.20785441994667053,0.09955781698226929
1627481396.1203544,-0.2689990997314453,-4.047345876693726,-2.026212998720132,0.207087442278862,0.005902666132897139
1627481396.1203632,-0.27205657958984375,-4.053598642349243,-2.025057324717246,0.19886967539787292,0.03301756829023361
1627481396.164217,-0.2750234603881836,-4.059670448303223,-2.025615747392869,0.20478646457195282,-0.01692049391567707
1627481396.1982868,-0.2797374725341797,-4.069339752197266,-2.0231733629669413,0.20296305418014526,0.0460822619497776
1627481396.2463675,-0.2826499938964844,-4.075353622436523,-2.0204858746228123,0.20248548686504364,0.08143800497055054
1627481396.2907228,-0.28786468505859375,-4.086130142211914,-2.0224904729010773,0.20641301572322845,-0.03456247225403786
1627481396.3366048,-0.2910146713256836,-4.0926196575164795,-2.0228967660545374,0.20610129833221436,-0.011607578955590725
1627481396.3842735,-0.2962799072265625,-4.103540658950806,-2.017131877625361,0.20548845827579498,0.09771120548248291
1627481396.43062,-0.2993192672729492,-4.109914779663086,-2.0143332433678243,0.2017623335123062,0.07995878159999847
1627481396.4779804,-0.30443572998046875,-4.120654106140137,-2.0165467940259223,0.20162750780582428,-0.037516579031944275
1627481396.5251343,-0.3075437545776367,-4.127135753631592,-2.019292386434684,0.20537814497947693,-0.07844652235507965
1627481396.5727282,-0.31256866455078125,-4.137638330459595,-2.014829106908048,0.2042616754770279,0.07830168306827545
1627481396.6221857,-0.31562328338623047,-4.144089221954346,-2.011237689576476,0.20393182337284088,0.1026153564453125
1627481396.6643472,-0.32033824920654297,-4.154094934463501,-2.0110483149178617,0.20482906699180603,0.003505636239424348
1627481396.7120912,-0.3233604431152344,-4.160505294799805,-2.011627711424929,0.20248548686504364,-0.016553061082959175
1627481396.7562194,-0.32674598693847656,-4.167667627334595,-2.013123049447064,0.2031344771385193,-0.03834259882569313
1627481396.8001676,-0.32987403869628906,-4.174252033233643,-2.015388439738248,0.20827078819274902,-0.06472723931074142
1627481396.8442702,-0.33326244354248047,-4.181356906890869,-2.016271040102071,0.19679059088230133,-0.02206563949584961
1627481396.8884323,-0.3361492156982422,-4.187383413314819,-2.0186407300244036,0.2088131606578827,-0.07405132055282593
1627481396.8884442,-0.33962440490722656,-4.194643497467041,-2.0157383938754387,0.20121996104717255,0.07255673408508301
1627481396.9324927,-0.34255313873291016,-4.200789928436279,-2.0151920838658115,0.20632044970989227,0.016559254378080368
1627481396.9753287,-0.3455686569213867,-4.2071192264556885,-2.0156822726439203,0.20031601190567017,-0.014005388133227825
1627481397.020239,-0.34896373748779297,-4.214221239089966,-2.0177327018349906,0.201836496591568,-0.05257435515522957
1627481397.0643322,-0.3519001007080078,-4.220336198806763,-2.019138099972467,0.20555345714092255,-0.04259022697806358
1627481397.1082742,-0.35614013671875,-4.229166030883789,-2.0178794812493117,0.2040674090385437,0.026221076026558876
1627481397.1522105,-0.35902976989746094,-4.235191106796265,-2.0180195857134797,0.20248548686504364,-0.00424818554893136
1627481397.1963584,-0.361785888671875,-4.240915298461914,-2.0209181998292127,0.19251461327075958,-0.08783195912837982
1627481397.1963708,-0.3647031784057617,-4.246926784515381,-2.0243992799212416,0.1965300291776657,-0.10238675773143768
1627481397.2402585,-0.3674898147583008,-4.252635955810547,-2.0254325399973747,0.19853070378303528,-0.03229081630706787
1627481397.244854,-0.3714733123779297,-4.260746479034424,-2.0292296547187045,0.20079810917377472,-0.08437898755073547
1627481397.2942088,-0.37440967559814453,-4.266664266586304,-2.0335163700847967,0.20018452405929565,-0.12990200519561768
1627481397.3363788,-0.3782033920288086,-4.274247407913208,-2.035771517752985,0.1971879005432129,-0.05244654417037964
1627481397.3803918,-0.38119029998779297,-4.280168294906616,-2.040192862061722,0.20095151662826538,-0.1339767873287201
1627481397.4243968,-0.38402271270751953,-4.285741567611694,-2.0417799199517668,0.18944665789604187,-0.04809552803635597
1627481397.4682932,-0.3870563507080078,-4.2916669845581055,-2.0460886460122247,0.19578559696674347,-0.12672649323940277
1627481397.5123465,-0.3898439407348633,-4.2970640659332275,-2.0491433281638463,0.18407772481441498,-0.09256421029567719
1627481397.512355,-0.3934202194213867,-4.303905725479126,-2.0557154792429233,0.1979425549507141,-0.16851913928985596
1627481397.5567448,-0.3965320587158203,-4.309790134429932,-2.058831652802714,0.18490862846374512,-0.08655919134616852
1627481397.5869856,-0.4020500183105469,-4.320099830627441,-2.0655967687896215,0.19819554686546326,-0.11466317623853683
1627481397.6345017,-0.40529441833496094,-4.326085805892944,-2.069320635968606,0.18912707269191742,-0.1034405529499054
1627481397.6837091,-0.4106597900390625,-4.335902690887451,-2.0726348594226076,0.19626882672309875,-0.05814485251903534
1627481397.7341914,-0.41388988494873047,-4.3417809009552,-2.07397795179481,0.1916380524635315,-0.03837176784873009
1627481397.7795796,-0.41962242126464844,-4.352060079574585,-2.084985735065622,0.18983015418052673,-0.17754493653774261
1627481397.8293235,-0.42281055450439453,-4.357642650604248,-2.0943861948781324,0.17858095467090607,-0.26112133264541626
1627481397.8734705,-0.4282722473144531,-4.366997718811035,-2.1041540646981587,0.18054956197738647,-0.1628001481294632
1627481397.9221814,-0.43131160736083984,-4.37208104133606,-2.115171908069425,0.16451945900917053,-0.30604997277259827
1627481397.9706604,-0.43666934967041016,-4.380671501159668,-2.141760656495743,0.16597171127796173,-0.43587997555732727
1627481398.01846,-0.4397611618041992,-4.385393857955933,-2.1591303786329865,0.15678563714027405,-0.48249298334121704
1627481398.0670667,-0.4453773498535156,-4.393542289733887,-2.189382041442933,0.16223734617233276,-0.49593019485473633
1627481398.1149497,-0.44838809967041016,-4.397706031799316,-2.204158973992023,0.15569907426834106,-0.44778621196746826
1627481398.1588008,-0.4516897201538086,-4.402127265930176,-2.220179798403618,0.15327027440071106,-0.44502151012420654
1627481398.2003348,-0.45500659942626953,-4.406409502029419,-2.2395167670801874,0.15475676953792572,-0.5524839758872986
1627481398.2445579,-0.45827579498291016,-4.410471200942993,-2.257463471855845,0.16293755173683167,-0.5608350038528442
1627481398.2445674,-0.4622230529785156,-4.415188312530518,-2.277579241706854,0.15770505368709564,-0.5157910585403442
1627481398.295105,-0.46584320068359375,-4.4193525314331055,-2.2951650180128644,0.15327027440071106,-0.4884931743144989
1627481398.3324616,-0.4714488983154297,-4.4255101680755615,-2.3235024784603437,0.16013877093791962,-0.5449514985084534
1627481398.3800979,-0.4750080108642578,-4.429251432418823,-2.3389088573148173,0.1564660668373108,-0.46685969829559326
1627481398.4244592,-0.4796285629272461,-4.433937072753906,-2.359574578699277,0.16050679981708527,-0.5040401220321655
1627481398.468282,-0.4833698272705078,-4.4376044273376465,-2.372860911240147,0.15876702964305878,-0.4026167392730713
1627481398.516588,-0.48833370208740234,-4.442301273345947,-2.3947937587983352,0.1589275598526001,-0.510066032409668
1627481398.5603092,-0.4922819137573242,-4.445897102355957,-2.4109943156190843,0.16183499991893768,-0.49092552065849304
1627481398.6046193,-0.4960966110229492,-4.449263572692871,-2.425987024521205,0.1541650891304016,-0.4543246626853943
1627481398.6046333,-0.5002250671386719,-4.452808380126953,-2.438354490393644,0.16005286574363708,-0.363749623298645
1627481398.6481752,-0.5041704177856445,-4.456099987030029,-2.4541406445457024,0.15569907426834106,-0.4783688187599182
1627481398.6726756,-0.5111160278320312,-4.461639642715454,-2.482508362142749,0.16152819991111755,-0.5157774090766907
1627481398.7203133,-0.5153207778930664,-4.464849472045898,-2.4966859578519087,0.16030101478099823,-0.4296230673789978
1627481398.7642152,-0.520380973815918,-4.468563079833984,-2.520368622084075,0.1569262593984604,-0.5920648574829102
1627481398.8082082,-0.5247097015380859,-4.471603631973267,-2.5381393521104036,0.16030101478099823,-0.5385081171989441
1627481398.8562672,-0.5328168869018555,-4.4770097732543945,-2.568847142517635,0.15717120468616486,-0.49528768658638
1627481398.9043562,-0.5371370315551758,-4.479743719100952,-2.5859765819108596,0.15493208169937134,-0.5190733671188354
1627481398.9486277,-0.5415439605712891,-4.482434034347534,-2.6010751594322525,0.1564660668373108,-0.45753246545791626
1627481398.9486363,-0.5467195510864258,-4.485467433929443,-2.6218085311100454,0.15785875916481018,-0.5456146597862244
1627481398.9962368,-0.551177978515625,-4.48797082901001,-2.6380705680375742,0.15493208169937134,-0.49278953671455383
1627481399.0292263,-0.5558977127075195,-4.49052357673645,-2.6534674307127912,0.15331044793128967,-0.43990951776504517
1627481399.07247,-0.561039924621582,-4.49319863319397,-2.670320500606992,0.16100409626960754,-0.46814149618148804
1627481399.1164856,-0.5657024383544922,-4.495531797409058,-2.6849403525350923,0.15800003707408905,-0.4430250823497772
1627481399.1604314,-0.5704460144042969,-4.497815370559692,-2.7008850607867054,0.1595340222120285,-0.48317331075668335
1627481399.1604455,-0.5759429931640625,-4.500340938568115,-2.720902944977476,0.15919089317321777,-0.5267858505249023
1627481399.204297,-0.5807895660400391,-4.502461194992065,-2.737467526715112,0.16030101478099823,-0.5019578337669373
1627481399.2261841,-0.5871982574462891,-4.505111455917358,-2.761445017815953,0.1576165407896042,-0.5449435710906982
1627481399.2764678,-0.5920085906982422,-4.506988286972046,-2.7777006737984724,0.1564660668373108,-0.492594450712204
1627481399.3203707,-0.6011228561401367,-4.51029109954834,-2.8101374772060628,0.15891791880130768,-0.5317515730857849
1627481399.3675804,-0.6059694290161133,-4.511919021606445,-2.8249650060351135,0.15493208169937134,-0.4493178725242615
1627481399.4130764,-0.6108169555664062,-4.513464450836182,-2.8409571347917493,0.1541650891304016,-0.48461103439331055
1627481399.4561927,-0.6163902282714844,-4.515146732330322,-2.855866188098444,0.16170716285705566,-0.41413968801498413
1627481399.5004923,-0.6211366653442383,-4.516499280929565,-2.8721833381452777,0.14956314861774445,-0.49445846676826477
1627481399.544288,-0.6296072006225586,-4.518724203109741,-2.897267094300576,0.15922722220420837,-0.4560687243938446
